,X1,X2,corr,highest_corr,highest_k
0,1,2,,,['k =0']
1,1,3,,,['k =0']
2,1,4,,,['k =0']
3,1,5,,,['k =0']
4,1,6,,,['k =0']
5,1,7,,,['k =0']
6,1,8,,,['k =0']
7,1,9,,,['k =0']
8,1,10,,,['k =0']
9,1,11,,,['k =0']
10,1,12,,,['k =0']
11,1,13,,,['k =0']
12,1,14,,,['k =0']
13,1,15,,,['k =0']
14,1,16,,,['k =0']
15,1,17,,,['k =0']
16,1,18,,,['k =0']
17,1,19,,,['k =0']
18,1,20,,,['k =0']
19,1,21,,,['k =0']
20,1,22,,,['k =0']
21,1,23,,,['k =0']
22,1,24,,,['k =0']
23,1,25,,,['k =0']
24,1,26,,,['k =0']
25,1,27,,,['k =0']
26,1,28,,,['k =0']
27,1,29,,,['k =0']
28,1,30,,,['k =0']
29,1,31,,,['k =0']
30,1,32,,,['k =0']
31,1,33,,,['k =0']
32,1,34,,,['k =0']
33,1,35,,,['k =0']
34,1,36,,,['k =0']
35,1,37,,,['k =0']
36,1,38,,,['k =0']
37,1,39,,,['k =0']
38,1,40,,,['k =0']
39,1,41,,,['k =0']
40,1,42,,,['k =0']
41,1,43,,,['k =0']
42,1,44,,,['k =0']
43,1,45,,,['k =0']
44,1,46,,,['k =0']
45,1,47,,,['k =0']
46,1,48,,,['k =0']
47,1,49,,,['k =0']
48,1,50,,,['k =0']
49,1,51,,,['k =0']
50,1,52,,,['k =0']
51,1,53,,,['k =0']
52,1,54,,,['k =0']
53,1,55,,,['k =0']
54,2,3,,,['k =0']
55,2,4,,,['k =0']
56,2,5,,,['k =0']
57,2,6,,,['k =0']
58,2,7,,,['k =0']
59,2,8,,,['k =0']
60,2,9,,,['k =0']
61,2,10,,,['k =0']
62,2,11,,,['k =0']
63,2,12,,,['k =0']
64,2,13,,,['k =0']
65,2,14,,,['k =0']
66,2,15,,,['k =0']
67,2,16,,,['k =0']
68,2,17,,,['k =0']
69,2,18,,,['k =0']
70,2,19,,,['k =0']
71,2,20,,,['k =0']
72,2,21,,,['k =0']
73,2,22,,,['k =0']
74,2,23,,,['k =0']
75,2,24,,,['k =0']
76,2,25,,,['k =0']
77,2,26,,,['k =0']
78,2,27,,,['k =0']
79,2,28,,,['k =0']
80,2,29,,,['k =0']
81,2,30,,,['k =0']
82,2,31,,,['k =0']
83,2,32,,,['k =0']
84,2,33,,,['k =0']
85,2,34,,,['k =0']
86,2,35,,,['k =0']
87,2,36,,,['k =0']
88,2,37,,,['k =0']
89,2,38,,,['k =0']
90,2,39,,,['k =0']
91,2,40,,,['k =0']
92,2,41,,,['k =0']
93,2,42,,,['k =0']
94,2,43,,,['k =0']
95,2,44,,,['k =0']
96,2,45,,,['k =0']
97,2,46,,,['k =0']
98,2,47,,,['k =0']
99,2,48,,,['k =0']
100,2,49,,,['k =0']
101,2,50,,,['k =0']
102,2,51,,,['k =0']
103,2,52,,,['k =0']
104,2,53,,,['k =0']
105,2,54,,,['k =0']
106,2,55,,,['k =0']
107,3,4,,,['k =0']
108,3,5,,,['k =0']
109,3,6,,,['k =0']
110,3,7,,,['k =0']
111,3,8,,,['k =0']
112,3,9,,,['k =0']
113,3,10,,,['k =0']
114,3,11,,,['k =0']
115,3,12,,,['k =0']
116,3,13,,,['k =0']
117,3,14,,,['k =0']
118,3,15,,,['k =0']
119,3,16,,,['k =0']
120,3,17,,,['k =0']
121,3,18,,,['k =0']
122,3,19,,,['k =0']
123,3,20,,,['k =0']
124,3,21,,,['k =0']
125,3,22,,,['k =0']
126,3,23,,,['k =0']
127,3,24,,,['k =0']
128,3,25,,,['k =0']
129,3,26,,,['k =0']
130,3,27,,,['k =0']
131,3,28,,,['k =0']
132,3,29,,,['k =0']
133,3,30,,,['k =0']
134,3,31,,,['k =0']
135,3,32,,,['k =0']
136,3,33,,,['k =0']
137,3,34,,,['k =0']
138,3,35,,,['k =0']
139,3,36,,,['k =0']
140,3,37,,,['k =0']
141,3,38,,,['k =0']
142,3,39,,,['k =0']
143,3,40,,,['k =0']
144,3,41,,,['k =0']
145,3,42,,,['k =0']
146,3,43,,,['k =0']
147,3,44,,,['k =0']
148,3,45,,,['k =0']
149,3,46,,,['k =0']
150,3,47,,,['k =0']
151,3,48,,,['k =0']
152,3,49,,,['k =0']
153,3,50,,,['k =0']
154,3,51,,,['k =0']
155,3,52,,,['k =0']
156,3,53,,,['k =0']
157,3,54,,,['k =0']
158,3,55,,,['k =0']
159,4,5,,,['k =0']
160,4,6,,,['k =0']
161,4,7,,,['k =0']
162,4,8,,,['k =0']
163,4,9,,,['k =0']
164,4,10,,,['k =0']
165,4,11,,,['k =0']
166,4,12,,,['k =0']
167,4,13,,,['k =0']
168,4,14,,,['k =0']
169,4,15,,,['k =0']
170,4,16,,,['k =0']
171,4,17,,,['k =0']
172,4,18,,,['k =0']
173,4,19,,,['k =0']
174,4,20,,,['k =0']
175,4,21,,,['k =0']
176,4,22,,,['k =0']
177,4,23,,,['k =0']
178,4,24,,,['k =0']
179,4,25,,,['k =0']
180,4,26,,,['k =0']
181,4,27,,,['k =0']
182,4,28,,,['k =0']
183,4,29,,,['k =0']
184,4,30,,,['k =0']
185,4,31,,,['k =0']
186,4,32,,,['k =0']
187,4,33,,,['k =0']
188,4,34,,,['k =0']
189,4,35,,,['k =0']
190,4,36,,,['k =0']
191,4,37,,,['k =0']
192,4,38,,,['k =0']
193,4,39,,,['k =0']
194,4,40,,,['k =0']
195,4,41,,,['k =0']
196,4,42,,,['k =0']
197,4,43,,,['k =0']
198,4,44,,,['k =0']
199,4,45,,,['k =0']
200,4,46,,,['k =0']
201,4,47,,,['k =0']
202,4,48,,,['k =0']
203,4,49,,,['k =0']
204,4,50,,,['k =0']
205,4,51,,,['k =0']
206,4,52,,,['k =0']
207,4,53,,,['k =0']
208,4,54,,,['k =0']
209,4,55,,,['k =0']
210,5,6,,,['k =0']
211,5,7,,,['k =0']
212,5,8,,,['k =0']
213,5,9,,,['k =0']
214,5,10,,,['k =0']
215,5,11,,,['k =0']
216,5,12,,,['k =0']
217,5,13,,,['k =0']
218,5,14,,,['k =0']
219,5,15,,,['k =0']
220,5,16,,,['k =0']
221,5,17,,,['k =0']
222,5,18,,,['k =0']
223,5,19,,,['k =0']
224,5,20,,,['k =0']
225,5,21,,,['k =0']
226,5,22,,,['k =0']
227,5,23,,,['k =0']
228,5,24,,,['k =0']
229,5,25,,,['k =0']
230,5,26,,,['k =0']
231,5,27,,,['k =0']
232,5,28,,,['k =0']
233,5,29,,,['k =0']
234,5,30,,,['k =0']
235,5,31,,,['k =0']
236,5,32,,,['k =0']
237,5,33,,,['k =0']
238,5,34,,,['k =0']
239,5,35,,,['k =0']
240,5,36,,,['k =0']
241,5,37,,,['k =0']
242,5,38,,,['k =0']
243,5,39,,,['k =0']
244,5,40,,,['k =0']
245,5,41,,,['k =0']
246,5,42,,,['k =0']
247,5,43,,,['k =0']
248,5,44,,,['k =0']
249,5,45,,,['k =0']
250,5,46,,,['k =0']
251,5,47,,,['k =0']
252,5,48,,,['k =0']
253,5,49,,,['k =0']
254,5,50,,,['k =0']
255,5,51,,,['k =0']
256,5,52,,,['k =0']
257,5,53,,,['k =0']
258,5,54,,,['k =0']
259,5,55,,,['k =0']
260,6,7,,,['k =0']
261,6,8,,,['k =0']
262,6,9,,,['k =0']
263,6,10,,,['k =0']
264,6,11,,,['k =0']
265,6,12,,,['k =0']
266,6,13,,,['k =0']
267,6,14,,,['k =0']
268,6,15,,,['k =0']
269,6,16,,,['k =0']
270,6,17,,,['k =0']
271,6,18,,,['k =0']
272,6,19,,,['k =0']
273,6,20,,,['k =0']
274,6,21,,,['k =0']
275,6,22,,,['k =0']
276,6,23,,,['k =0']
277,6,24,,,['k =0']
278,6,25,,,['k =0']
279,6,26,,,['k =0']
280,6,27,,,['k =0']
281,6,28,,,['k =0']
282,6,29,,,['k =0']
283,6,30,,,['k =0']
284,6,31,,,['k =0']
285,6,32,,,['k =0']
286,6,33,,,['k =0']
287,6,34,,,['k =0']
288,6,35,,,['k =0']
289,6,36,,,['k =0']
290,6,37,,,['k =0']
291,6,38,,,['k =0']
292,6,39,,,['k =0']
293,6,40,,,['k =0']
294,6,41,,,['k =0']
295,6,42,,,['k =0']
296,6,43,,,['k =0']
297,6,44,,,['k =0']
298,6,45,,,['k =0']
299,6,46,,,['k =0']
300,6,47,,,['k =0']
301,6,48,,,['k =0']
302,6,49,,,['k =0']
303,6,50,,,['k =0']
304,6,51,,,['k =0']
305,6,52,,,['k =0']
306,6,53,,,['k =0']
307,6,54,,,['k =0']
308,6,55,,,['k =0']
309,7,8,,,['k =0']
310,7,9,,,['k =0']
311,7,10,,,['k =0']
312,7,11,,,['k =0']
313,7,12,,,['k =0']
314,7,13,,,['k =0']
315,7,14,,,['k =0']
316,7,15,,,['k =0']
317,7,16,,,['k =0']
318,7,17,,,['k =0']
319,7,18,,,['k =0']
320,7,19,,,['k =0']
321,7,20,,,['k =0']
322,7,21,,,['k =0']
323,7,22,,,['k =0']
324,7,23,,,['k =0']
325,7,24,,,['k =0']
326,7,25,,,['k =0']
327,7,26,,,['k =0']
328,7,27,,,['k =0']
329,7,28,,,['k =0']
330,7,29,,,['k =0']
331,7,30,,,['k =0']
332,7,31,,,['k =0']
333,7,32,,,['k =0']
334,7,33,,,['k =0']
335,7,34,,,['k =0']
336,7,35,,,['k =0']
337,7,36,,,['k =0']
338,7,37,,,['k =0']
339,7,38,,,['k =0']
340,7,39,,,['k =0']
341,7,40,,,['k =0']
342,7,41,,,['k =0']
343,7,42,,,['k =0']
344,7,43,,,['k =0']
345,7,44,,,['k =0']
346,7,45,,,['k =0']
347,7,46,,,['k =0']
348,7,47,,,['k =0']
349,7,48,,,['k =0']
350,7,49,,,['k =0']
351,7,50,,,['k =0']
352,7,51,,,['k =0']
353,7,52,,,['k =0']
354,7,53,,,['k =0']
355,7,54,,,['k =0']
356,7,55,,,['k =0']
357,8,9,,,['k =0']
358,8,10,,,['k =0']
359,8,11,,,['k =0']
360,8,12,,,['k =0']
361,8,13,,,['k =0']
362,8,14,,,['k =0']
363,8,15,,,['k =0']
364,8,16,,,['k =0']
365,8,17,,,['k =0']
366,8,18,,,['k =0']
367,8,19,,,['k =0']
368,8,20,,,['k =0']
369,8,21,,,['k =0']
370,8,22,,,['k =0']
371,8,23,,,['k =0']
372,8,24,,,['k =0']
373,8,25,,,['k =0']
374,8,26,,,['k =0']
375,8,27,,,['k =0']
376,8,28,,,['k =0']
377,8,29,,,['k =0']
378,8,30,,,['k =0']
379,8,31,,,['k =0']
380,8,32,,,['k =0']
381,8,33,,,['k =0']
382,8,34,,,['k =0']
383,8,35,,,['k =0']
384,8,36,,,['k =0']
385,8,37,,,['k =0']
386,8,38,,,['k =0']
387,8,39,,,['k =0']
388,8,40,,,['k =0']
389,8,41,,,['k =0']
390,8,42,,,['k =0']
391,8,43,,,['k =0']
392,8,44,,,['k =0']
393,8,45,,,['k =0']
394,8,46,,,['k =0']
395,8,47,,,['k =0']
396,8,48,,,['k =0']
397,8,49,,,['k =0']
398,8,50,,,['k =0']
399,8,51,,,['k =0']
400,8,52,,,['k =0']
401,8,53,,,['k =0']
402,8,54,,,['k =0']
403,8,55,,,['k =0']
404,9,10,,,['k =0']
405,9,11,,,['k =0']
406,9,12,,,['k =0']
407,9,13,,,['k =0']
408,9,14,,,['k =0']
409,9,15,,,['k =0']
410,9,16,,,['k =0']
411,9,17,,,['k =0']
412,9,18,,,['k =0']
413,9,19,,,['k =0']
414,9,20,,,['k =0']
415,9,21,,,['k =0']
416,9,22,,,['k =0']
417,9,23,,,['k =0']
418,9,24,,,['k =0']
419,9,25,,,['k =0']
420,9,26,,,['k =0']
421,9,27,,,['k =0']
422,9,28,,,['k =0']
423,9,29,,,['k =0']
424,9,30,,,['k =0']
425,9,31,,,['k =0']
426,9,32,,,['k =0']
427,9,33,,,['k =0']
428,9,34,,,['k =0']
429,9,35,,,['k =0']
430,9,36,,,['k =0']
431,9,37,,,['k =0']
432,9,38,,,['k =0']
433,9,39,,,['k =0']
434,9,40,,,['k =0']
435,9,41,,,['k =0']
436,9,42,,,['k =0']
437,9,43,,,['k =0']
438,9,44,,,['k =0']
439,9,45,,,['k =0']
440,9,46,,,['k =0']
441,9,47,,,['k =0']
442,9,48,,,['k =0']
443,9,49,,,['k =0']
444,9,50,,,['k =0']
445,9,51,,,['k =0']
446,9,52,,,['k =0']
447,9,53,,,['k =0']
448,9,54,,,['k =0']
449,9,55,,,['k =0']
450,10,11,,,['k =0']
451,10,12,,,['k =0']
452,10,13,,,['k =0']
453,10,14,,,['k =0']
454,10,15,,,['k =0']
455,10,16,,,['k =0']
456,10,17,,,['k =0']
457,10,18,,,['k =0']
458,10,19,,,['k =0']
459,10,20,,,['k =0']
460,10,21,,,['k =0']
461,10,22,,,['k =0']
462,10,23,,,['k =0']
463,10,24,,,['k =0']
464,10,25,,,['k =0']
465,10,26,,,['k =0']
466,10,27,,,['k =0']
467,10,28,,,['k =0']
468,10,29,,,['k =0']
469,10,30,,,['k =0']
470,10,31,,,['k =0']
471,10,32,,,['k =0']
472,10,33,,,['k =0']
473,10,34,,,['k =0']
474,10,35,,,['k =0']
475,10,36,,,['k =0']
476,10,37,,,['k =0']
477,10,38,,,['k =0']
478,10,39,,,['k =0']
479,10,40,,,['k =0']
480,10,41,,,['k =0']
481,10,42,,,['k =0']
482,10,43,,,['k =0']
483,10,44,,,['k =0']
484,10,45,,,['k =0']
485,10,46,,,['k =0']
486,10,47,,,['k =0']
487,10,48,,,['k =0']
488,10,49,,,['k =0']
489,10,50,,,['k =0']
490,10,51,,,['k =0']
491,10,52,,,['k =0']
492,10,53,,,['k =0']
493,10,54,,,['k =0']
494,10,55,,,['k =0']
495,11,12,,,['k =0']
496,11,13,,,['k =0']
497,11,14,,,['k =0']
498,11,15,,,['k =0']
499,11,16,,,['k =0']
500,11,17,,,['k =0']
501,11,18,,,['k =0']
502,11,19,,,['k =0']
503,11,20,,,['k =0']
504,11,21,,,['k =0']
505,11,22,,,['k =0']
506,11,23,,,['k =0']
507,11,24,,,['k =0']
508,11,25,,,['k =0']
509,11,26,,,['k =0']
510,11,27,,,['k =0']
511,11,28,,,['k =0']
512,11,29,,,['k =0']
513,11,30,,,['k =0']
514,11,31,,,['k =0']
515,11,32,,,['k =0']
516,11,33,,,['k =0']
517,11,34,,,['k =0']
518,11,35,,,['k =0']
519,11,36,,,['k =0']
520,11,37,,,['k =0']
521,11,38,,,['k =0']
522,11,39,,,['k =0']
523,11,40,,,['k =0']
524,11,41,,,['k =0']
525,11,42,,,['k =0']
526,11,43,,,['k =0']
527,11,44,,,['k =0']
528,11,45,,,['k =0']
529,11,46,,,['k =0']
530,11,47,,,['k =0']
531,11,48,,,['k =0']
532,11,49,,,['k =0']
533,11,50,,,['k =0']
534,11,51,,,['k =0']
535,11,52,,,['k =0']
536,11,53,,,['k =0']
537,11,54,,,['k =0']
538,11,55,,,['k =0']
539,12,13,,,['k =0']
540,12,14,,,['k =0']
541,12,15,,,['k =0']
542,12,16,,,['k =0']
543,12,17,,,['k =0']
544,12,18,,,['k =0']
545,12,19,,,['k =0']
546,12,20,,,['k =0']
547,12,21,,,['k =0']
548,12,22,,,['k =0']
549,12,23,,,['k =0']
550,12,24,,,['k =0']
551,12,25,,,['k =0']
552,12,26,,,['k =0']
553,12,27,,,['k =0']
554,12,28,,,['k =0']
555,12,29,,,['k =0']
556,12,30,,,['k =0']
557,12,31,,,['k =0']
558,12,32,,,['k =0']
559,12,33,,,['k =0']
560,12,34,,,['k =0']
561,12,35,,,['k =0']
562,12,36,,,['k =0']
563,12,37,,,['k =0']
564,12,38,,,['k =0']
565,12,39,,,['k =0']
566,12,40,,,['k =0']
567,12,41,,,['k =0']
568,12,42,,,['k =0']
569,12,43,,,['k =0']
570,12,44,,,['k =0']
571,12,45,,,['k =0']
572,12,46,,,['k =0']
573,12,47,,,['k =0']
574,12,48,,,['k =0']
575,12,49,,,['k =0']
576,12,50,,,['k =0']
577,12,51,,,['k =0']
578,12,52,,,['k =0']
579,12,53,,,['k =0']
580,12,54,,,['k =0']
581,12,55,,,['k =0']
582,13,14,,,['k =0']
583,13,15,,,['k =0']
584,13,16,,,['k =0']
585,13,17,,,['k =0']
586,13,18,,,['k =0']
587,13,19,,,['k =0']
588,13,20,,,['k =0']
589,13,21,,,['k =0']
590,13,22,,,['k =0']
591,13,23,,,['k =0']
592,13,24,,,['k =0']
593,13,25,,,['k =0']
594,13,26,,,['k =0']
595,13,27,,,['k =0']
596,13,28,,,['k =0']
597,13,29,,,['k =0']
598,13,30,,,['k =0']
599,13,31,,,['k =0']
600,13,32,,,['k =0']
601,13,33,,,['k =0']
602,13,34,,,['k =0']
603,13,35,,,['k =0']
604,13,36,,,['k =0']
605,13,37,,,['k =0']
606,13,38,,,['k =0']
607,13,39,,,['k =0']
608,13,40,,,['k =0']
609,13,41,,,['k =0']
610,13,42,,,['k =0']
611,13,43,,,['k =0']
612,13,44,,,['k =0']
613,13,45,,,['k =0']
614,13,46,,,['k =0']
615,13,47,,,['k =0']
616,13,48,,,['k =0']
617,13,49,,,['k =0']
618,13,50,,,['k =0']
619,13,51,,,['k =0']
620,13,52,,,['k =0']
621,13,53,,,['k =0']
622,13,54,,,['k =0']
623,13,55,,,['k =0']
624,14,15,,,['k =0']
625,14,16,,,['k =0']
626,14,17,,,['k =0']
627,14,18,,,['k =0']
628,14,19,,,['k =0']
629,14,20,,,['k =0']
630,14,21,,,['k =0']
631,14,22,,,['k =0']
632,14,23,,,['k =0']
633,14,24,,,['k =0']
634,14,25,,,['k =0']
635,14,26,,,['k =0']
636,14,27,,,['k =0']
637,14,28,,,['k =0']
638,14,29,,,['k =0']
639,14,30,,,['k =0']
640,14,31,,,['k =0']
641,14,32,,,['k =0']
642,14,33,,,['k =0']
643,14,34,,,['k =0']
644,14,35,,,['k =0']
645,14,36,,,['k =0']
646,14,37,,,['k =0']
647,14,38,,,['k =0']
648,14,39,,,['k =0']
649,14,40,,,['k =0']
650,14,41,,,['k =0']
651,14,42,,,['k =0']
652,14,43,,,['k =0']
653,14,44,,,['k =0']
654,14,45,,,['k =0']
655,14,46,,,['k =0']
656,14,47,,,['k =0']
657,14,48,,,['k =0']
658,14,49,,,['k =0']
659,14,50,,,['k =0']
660,14,51,,,['k =0']
661,14,52,,,['k =0']
662,14,53,,,['k =0']
663,14,54,,,['k =0']
664,14,55,,,['k =0']
665,15,16,,,['k =0']
666,15,17,,,['k =0']
667,15,18,,,['k =0']
668,15,19,,,['k =0']
669,15,20,,,['k =0']
670,15,21,,,['k =0']
671,15,22,,,['k =0']
672,15,23,,,['k =0']
673,15,24,,,['k =0']
674,15,25,,,['k =0']
675,15,26,,,['k =0']
676,15,27,,,['k =0']
677,15,28,,,['k =0']
678,15,29,,,['k =0']
679,15,30,,,['k =0']
680,15,31,,,['k =0']
681,15,32,,,['k =0']
682,15,33,,,['k =0']
683,15,34,,,['k =0']
684,15,35,,,['k =0']
685,15,36,,,['k =0']
686,15,37,,,['k =0']
687,15,38,,,['k =0']
688,15,39,,,['k =0']
689,15,40,,,['k =0']
690,15,41,,,['k =0']
691,15,42,,,['k =0']
692,15,43,,,['k =0']
693,15,44,,,['k =0']
694,15,45,,,['k =0']
695,15,46,,,['k =0']
696,15,47,,,['k =0']
697,15,48,,,['k =0']
698,15,49,,,['k =0']
699,15,50,,,['k =0']
700,15,51,,,['k =0']
701,15,52,,,['k =0']
702,15,53,,,['k =0']
703,15,54,,,['k =0']
704,15,55,,,['k =0']
705,16,17,,,['k =0']
706,16,18,,,['k =0']
707,16,19,,,['k =0']
708,16,20,,,['k =0']
709,16,21,,,['k =0']
710,16,22,,,['k =0']
711,16,23,,,['k =0']
712,16,24,,,['k =0']
713,16,25,,,['k =0']
714,16,26,,,['k =0']
715,16,27,,,['k =0']
716,16,28,,,['k =0']
717,16,29,,,['k =0']
718,16,30,,,['k =0']
719,16,31,,,['k =0']
720,16,32,,,['k =0']
721,16,33,,,['k =0']
722,16,34,,,['k =0']
723,16,35,,,['k =0']
724,16,36,,,['k =0']
725,16,37,,,['k =0']
726,16,38,,,['k =0']
727,16,39,,,['k =0']
728,16,40,,,['k =0']
729,16,41,,,['k =0']
730,16,42,,,['k =0']
731,16,43,,,['k =0']
732,16,44,,,['k =0']
733,16,45,,,['k =0']
734,16,46,,,['k =0']
735,16,47,,,['k =0']
736,16,48,,,['k =0']
737,16,49,,,['k =0']
738,16,50,,,['k =0']
739,16,51,,,['k =0']
740,16,52,,,['k =0']
741,16,53,,,['k =0']
742,16,54,,,['k =0']
743,16,55,,,['k =0']
744,17,18,,,['k =0']
745,17,19,,,['k =0']
746,17,20,,,['k =0']
747,17,21,,,['k =0']
748,17,22,,,['k =0']
749,17,23,,,['k =0']
750,17,24,,,['k =0']
751,17,25,,,['k =0']
752,17,26,,,['k =0']
753,17,27,,,['k =0']
754,17,28,,,['k =0']
755,17,29,,,['k =0']
756,17,30,,,['k =0']
757,17,31,,,['k =0']
758,17,32,,,['k =0']
759,17,33,,,['k =0']
760,17,34,,,['k =0']
761,17,35,,,['k =0']
762,17,36,,,['k =0']
763,17,37,,,['k =0']
764,17,38,,,['k =0']
765,17,39,,,['k =0']
766,17,40,,,['k =0']
767,17,41,,,['k =0']
768,17,42,,,['k =0']
769,17,43,,,['k =0']
770,17,44,,,['k =0']
771,17,45,,,['k =0']
772,17,46,,,['k =0']
773,17,47,,,['k =0']
774,17,48,,,['k =0']
775,17,49,,,['k =0']
776,17,50,,,['k =0']
777,17,51,,,['k =0']
778,17,52,,,['k =0']
779,17,53,,,['k =0']
780,17,54,,,['k =0']
781,17,55,,,['k =0']
782,18,19,,,['k =0']
783,18,20,,,['k =0']
784,18,21,,,['k =0']
785,18,22,,,['k =0']
786,18,23,,,['k =0']
787,18,24,,,['k =0']
788,18,25,,,['k =0']
789,18,26,,,['k =0']
790,18,27,,,['k =0']
791,18,28,,,['k =0']
792,18,29,,,['k =0']
793,18,30,,,['k =0']
794,18,31,,,['k =0']
795,18,32,,,['k =0']
796,18,33,,,['k =0']
797,18,34,,,['k =0']
798,18,35,,,['k =0']
799,18,36,,,['k =0']
800,18,37,,,['k =0']
801,18,38,,,['k =0']
802,18,39,,,['k =0']
803,18,40,,,['k =0']
804,18,41,,,['k =0']
805,18,42,,,['k =0']
806,18,43,,,['k =0']
807,18,44,,,['k =0']
808,18,45,,,['k =0']
809,18,46,,,['k =0']
810,18,47,,,['k =0']
811,18,48,,,['k =0']
812,18,49,,,['k =0']
813,18,50,,,['k =0']
814,18,51,,,['k =0']
815,18,52,,,['k =0']
816,18,53,,,['k =0']
817,18,54,,,['k =0']
818,18,55,,,['k =0']
819,19,20,,,['k =0']
820,19,21,,,['k =0']
821,19,22,,,['k =0']
822,19,23,,,['k =0']
823,19,24,,,['k =0']
824,19,25,,,['k =0']
825,19,26,,,['k =0']
826,19,27,,,['k =0']
827,19,28,,,['k =0']
828,19,29,,,['k =0']
829,19,30,,,['k =0']
830,19,31,,,['k =0']
831,19,32,,,['k =0']
832,19,33,,,['k =0']
833,19,34,,,['k =0']
834,19,35,,,['k =0']
835,19,36,,,['k =0']
836,19,37,,,['k =0']
837,19,38,,,['k =0']
838,19,39,,,['k =0']
839,19,40,,,['k =0']
840,19,41,,,['k =0']
841,19,42,,,['k =0']
842,19,43,,,['k =0']
843,19,44,,,['k =0']
844,19,45,,,['k =0']
845,19,46,,,['k =0']
846,19,47,,,['k =0']
847,19,48,,,['k =0']
848,19,49,,,['k =0']
849,19,50,,,['k =0']
850,19,51,,,['k =0']
851,19,52,,,['k =0']
852,19,53,,,['k =0']
853,19,54,,,['k =0']
854,19,55,,,['k =0']
855,20,21,,,['k =0']
856,20,22,,,['k =0']
857,20,23,,,['k =0']
858,20,24,,,['k =0']
859,20,25,,,['k =0']
860,20,26,,,['k =0']
861,20,27,,,['k =0']
862,20,28,,,['k =0']
863,20,29,,,['k =0']
864,20,30,,,['k =0']
865,20,31,,,['k =0']
866,20,32,,,['k =0']
867,20,33,,,['k =0']
868,20,34,,,['k =0']
869,20,35,,,['k =0']
870,20,36,,,['k =0']
871,20,37,,,['k =0']
872,20,38,,,['k =0']
873,20,39,,,['k =0']
874,20,40,,,['k =0']
875,20,41,,,['k =0']
876,20,42,,,['k =0']
877,20,43,,,['k =0']
878,20,44,,,['k =0']
879,20,45,,,['k =0']
880,20,46,,,['k =0']
881,20,47,,,['k =0']
882,20,48,,,['k =0']
883,20,49,,,['k =0']
884,20,50,,,['k =0']
885,20,51,,,['k =0']
886,20,52,,,['k =0']
887,20,53,,,['k =0']
888,20,54,,,['k =0']
889,20,55,,,['k =0']
890,21,22,,,['k =0']
891,21,23,,,['k =0']
892,21,24,,,['k =0']
893,21,25,,,['k =0']
894,21,26,,,['k =0']
895,21,27,,,['k =0']
896,21,28,,,['k =0']
897,21,29,,,['k =0']
898,21,30,,,['k =0']
899,21,31,,,['k =0']
900,21,32,,,['k =0']
901,21,33,,,['k =0']
902,21,34,,,['k =0']
903,21,35,,,['k =0']
904,21,36,,,['k =0']
905,21,37,,,['k =0']
906,21,38,,,['k =0']
907,21,39,,,['k =0']
908,21,40,,,['k =0']
909,21,41,,,['k =0']
910,21,42,,,['k =0']
911,21,43,,,['k =0']
912,21,44,,,['k =0']
913,21,45,,,['k =0']
914,21,46,,,['k =0']
915,21,47,,,['k =0']
916,21,48,,,['k =0']
917,21,49,,,['k =0']
918,21,50,,,['k =0']
919,21,51,,,['k =0']
920,21,52,,,['k =0']
921,21,53,,,['k =0']
922,21,54,,,['k =0']
923,21,55,,,['k =0']
924,22,23,,,['k =0']
925,22,24,,,['k =0']
926,22,25,,,['k =0']
927,22,26,,,['k =0']
928,22,27,,,['k =0']
929,22,28,,,['k =0']
930,22,29,,,['k =0']
931,22,30,,,['k =0']
932,22,31,,,['k =0']
933,22,32,,,['k =0']
934,22,33,,,['k =0']
935,22,34,,,['k =0']
936,22,35,,,['k =0']
937,22,36,,,['k =0']
938,22,37,,,['k =0']
939,22,38,,,['k =0']
940,22,39,,,['k =0']
941,22,40,,,['k =0']
942,22,41,,,['k =0']
943,22,42,,,['k =0']
944,22,43,,,['k =0']
945,22,44,,,['k =0']
946,22,45,,,['k =0']
947,22,46,,,['k =0']
948,22,47,,,['k =0']
949,22,48,,,['k =0']
950,22,49,,,['k =0']
951,22,50,,,['k =0']
952,22,51,,,['k =0']
953,22,52,,,['k =0']
954,22,53,,,['k =0']
955,22,54,,,['k =0']
956,22,55,,,['k =0']
957,23,24,,,['k =0']
958,23,25,,,['k =0']
959,23,26,,,['k =0']
960,23,27,,,['k =0']
961,23,28,,,['k =0']
962,23,29,,,['k =0']
963,23,30,,,['k =0']
964,23,31,,,['k =0']
965,23,32,,,['k =0']
966,23,33,,,['k =0']
967,23,34,,,['k =0']
968,23,35,,,['k =0']
969,23,36,,,['k =0']
970,23,37,,,['k =0']
971,23,38,,,['k =0']
972,23,39,,,['k =0']
973,23,40,,,['k =0']
974,23,41,,,['k =0']
975,23,42,,,['k =0']
976,23,43,,,['k =0']
977,23,44,,,['k =0']
978,23,45,,,['k =0']
979,23,46,,,['k =0']
980,23,47,,,['k =0']
981,23,48,,,['k =0']
982,23,49,,,['k =0']
983,23,50,,,['k =0']
984,23,51,,,['k =0']
985,23,52,,,['k =0']
986,23,53,,,['k =0']
987,23,54,,,['k =0']
988,23,55,,,['k =0']
989,24,25,,,['k =0']
990,24,26,,,['k =0']
991,24,27,,,['k =0']
992,24,28,,,['k =0']
993,24,29,,,['k =0']
994,24,30,,,['k =0']
995,24,31,,,['k =0']
996,24,32,,,['k =0']
997,24,33,,,['k =0']
998,24,34,,,['k =0']
999,24,35,,,['k =0']
1000,24,36,,,['k =0']
1001,24,37,,,['k =0']
1002,24,38,,,['k =0']
1003,24,39,,,['k =0']
1004,24,40,,,['k =0']
1005,24,41,,,['k =0']
1006,24,42,,,['k =0']
1007,24,43,,,['k =0']
1008,24,44,,,['k =0']
1009,24,45,,,['k =0']
1010,24,46,,,['k =0']
1011,24,47,,,['k =0']
1012,24,48,,,['k =0']
1013,24,49,,,['k =0']
1014,24,50,,,['k =0']
1015,24,51,,,['k =0']
1016,24,52,,,['k =0']
1017,24,53,,,['k =0']
1018,24,54,,,['k =0']
1019,24,55,,,['k =0']
1020,25,26,,,['k =0']
1021,25,27,,,['k =0']
1022,25,28,,,['k =0']
1023,25,29,,,['k =0']
1024,25,30,,,['k =0']
1025,25,31,,,['k =0']
1026,25,32,,,['k =0']
1027,25,33,,,['k =0']
1028,25,34,,,['k =0']
1029,25,35,,,['k =0']
1030,25,36,,,['k =0']
1031,25,37,,,['k =0']
1032,25,38,,,['k =0']
1033,25,39,,,['k =0']
1034,25,40,,,['k =0']
1035,25,41,,,['k =0']
1036,25,42,,,['k =0']
1037,25,43,,,['k =0']
1038,25,44,,,['k =0']
1039,25,45,,,['k =0']
1040,25,46,,,['k =0']
1041,25,47,,,['k =0']
1042,25,48,,,['k =0']
1043,25,49,,,['k =0']
1044,25,50,,,['k =0']
1045,25,51,,,['k =0']
1046,25,52,,,['k =0']
1047,25,53,,,['k =0']
1048,25,54,,,['k =0']
1049,25,55,,,['k =0']
1050,26,27,,,['k =0']
1051,26,28,,,['k =0']
1052,26,29,,,['k =0']
1053,26,30,,,['k =0']
1054,26,31,,,['k =0']
1055,26,32,,,['k =0']
1056,26,33,,,['k =0']
1057,26,34,,,['k =0']
1058,26,35,,,['k =0']
1059,26,36,,,['k =0']
1060,26,37,,,['k =0']
1061,26,38,,,['k =0']
1062,26,39,,,['k =0']
1063,26,40,,,['k =0']
1064,26,41,,,['k =0']
1065,26,42,,,['k =0']
1066,26,43,,,['k =0']
1067,26,44,,,['k =0']
1068,26,45,,,['k =0']
1069,26,46,,,['k =0']
1070,26,47,,,['k =0']
1071,26,48,,,['k =0']
1072,26,49,,,['k =0']
1073,26,50,,,['k =0']
1074,26,51,,,['k =0']
1075,26,52,,,['k =0']
1076,26,53,,,['k =0']
1077,26,54,,,['k =0']
1078,26,55,,,['k =0']
1079,27,28,,,['k =0']
1080,27,29,,,['k =0']
1081,27,30,,,['k =0']
1082,27,31,,,['k =0']
1083,27,32,,,['k =0']
1084,27,33,,,['k =0']
1085,27,34,,,['k =0']
1086,27,35,,,['k =0']
1087,27,36,,,['k =0']
1088,27,37,,,['k =0']
1089,27,38,,,['k =0']
1090,27,39,,,['k =0']
1091,27,40,,,['k =0']
1092,27,41,,,['k =0']
1093,27,42,,,['k =0']
1094,27,43,,,['k =0']
1095,27,44,,,['k =0']
1096,27,45,,,['k =0']
1097,27,46,,,['k =0']
1098,27,47,,,['k =0']
1099,27,48,,,['k =0']
1100,27,49,,,['k =0']
1101,27,50,,,['k =0']
1102,27,51,,,['k =0']
1103,27,52,,,['k =0']
1104,27,53,,,['k =0']
1105,27,54,,,['k =0']
1106,27,55,,,['k =0']
1107,28,29,,,['k =0']
1108,28,30,,,['k =0']
1109,28,31,,,['k =0']
1110,28,32,,,['k =0']
1111,28,33,,,['k =0']
1112,28,34,,,['k =0']
1113,28,35,,,['k =0']
1114,28,36,,,['k =0']
1115,28,37,,,['k =0']
1116,28,38,,,['k =0']
1117,28,39,,,['k =0']
1118,28,40,,,['k =0']
1119,28,41,,,['k =0']
1120,28,42,,,['k =0']
1121,28,43,,,['k =0']
1122,28,44,,,['k =0']
1123,28,45,,,['k =0']
1124,28,46,,,['k =0']
1125,28,47,,,['k =0']
1126,28,48,,,['k =0']
1127,28,49,,,['k =0']
1128,28,50,,,['k =0']
1129,28,51,,,['k =0']
1130,28,52,,,['k =0']
1131,28,53,,,['k =0']
1132,28,54,,,['k =0']
1133,28,55,,,['k =0']
1134,29,30,,,['k =0']
1135,29,31,,,['k =0']
1136,29,32,,,['k =0']
1137,29,33,,,['k =0']
1138,29,34,,,['k =0']
1139,29,35,,,['k =0']
1140,29,36,,,['k =0']
1141,29,37,,,['k =0']
1142,29,38,,,['k =0']
1143,29,39,,,['k =0']
1144,29,40,,,['k =0']
1145,29,41,,,['k =0']
1146,29,42,,,['k =0']
1147,29,43,,,['k =0']
1148,29,44,,,['k =0']
1149,29,45,,,['k =0']
1150,29,46,,,['k =0']
1151,29,47,,,['k =0']
1152,29,48,,,['k =0']
1153,29,49,,,['k =0']
1154,29,50,,,['k =0']
1155,29,51,,,['k =0']
1156,29,52,,,['k =0']
1157,29,53,,,['k =0']
1158,29,54,,,['k =0']
1159,29,55,,,['k =0']
1160,30,31,,,['k =0']
1161,30,32,,,['k =0']
1162,30,33,,,['k =0']
1163,30,34,,,['k =0']
1164,30,35,,,['k =0']
1165,30,36,,,['k =0']
1166,30,37,,,['k =0']
1167,30,38,,,['k =0']
1168,30,39,,,['k =0']
1169,30,40,,,['k =0']
1170,30,41,,,['k =0']
1171,30,42,,,['k =0']
1172,30,43,,,['k =0']
1173,30,44,,,['k =0']
1174,30,45,,,['k =0']
1175,30,46,,,['k =0']
1176,30,47,,,['k =0']
1177,30,48,,,['k =0']
1178,30,49,,,['k =0']
1179,30,50,,,['k =0']
1180,30,51,,,['k =0']
1181,30,52,,,['k =0']
1182,30,53,,,['k =0']
1183,30,54,,,['k =0']
1184,30,55,,,['k =0']
1185,31,32,,,['k =0']
1186,31,33,,,['k =0']
1187,31,34,,,['k =0']
1188,31,35,,,['k =0']
1189,31,36,,,['k =0']
1190,31,37,,,['k =0']
1191,31,38,,,['k =0']
1192,31,39,,,['k =0']
1193,31,40,,,['k =0']
1194,31,41,,,['k =0']
1195,31,42,,,['k =0']
1196,31,43,,,['k =0']
1197,31,44,,,['k =0']
1198,31,45,,,['k =0']
1199,31,46,,,['k =0']
1200,31,47,,,['k =0']
1201,31,48,,,['k =0']
1202,31,49,,,['k =0']
1203,31,50,,,['k =0']
1204,31,51,,,['k =0']
1205,31,52,,,['k =0']
1206,31,53,,,['k =0']
1207,31,54,,,['k =0']
1208,31,55,,,['k =0']
1209,32,33,,,['k =0']
1210,32,34,,,['k =0']
1211,32,35,,,['k =0']
1212,32,36,,,['k =0']
1213,32,37,,,['k =0']
1214,32,38,,,['k =0']
1215,32,39,,,['k =0']
1216,32,40,,,['k =0']
1217,32,41,,,['k =0']
1218,32,42,,,['k =0']
1219,32,43,,,['k =0']
1220,32,44,,,['k =0']
1221,32,45,,,['k =0']
1222,32,46,,,['k =0']
1223,32,47,,,['k =0']
1224,32,48,,,['k =0']
1225,32,49,,,['k =0']
1226,32,50,,,['k =0']
1227,32,51,,,['k =0']
1228,32,52,,,['k =0']
1229,32,53,,,['k =0']
1230,32,54,,,['k =0']
1231,32,55,,,['k =0']
1232,33,34,,,['k =0']
1233,33,35,,,['k =0']
1234,33,36,,,['k =0']
1235,33,37,,,['k =0']
1236,33,38,,,['k =0']
1237,33,39,,,['k =0']
1238,33,40,,,['k =0']
1239,33,41,,,['k =0']
1240,33,42,,,['k =0']
1241,33,43,,,['k =0']
1242,33,44,,,['k =0']
1243,33,45,,,['k =0']
1244,33,46,,,['k =0']
1245,33,47,,,['k =0']
1246,33,48,,,['k =0']
1247,33,49,,,['k =0']
1248,33,50,,,['k =0']
1249,33,51,,,['k =0']
1250,33,52,,,['k =0']
1251,33,53,,,['k =0']
1252,33,54,,,['k =0']
1253,33,55,,,['k =0']
1254,34,35,,,['k =0']
1255,34,36,,,['k =0']
1256,34,37,,,['k =0']
1257,34,38,,,['k =0']
1258,34,39,,,['k =0']
1259,34,40,,,['k =0']
1260,34,41,,,['k =0']
1261,34,42,,,['k =0']
1262,34,43,,,['k =0']
1263,34,44,,,['k =0']
1264,34,45,,,['k =0']
1265,34,46,,,['k =0']
1266,34,47,,,['k =0']
1267,34,48,,,['k =0']
1268,34,49,,,['k =0']
1269,34,50,,,['k =0']
1270,34,51,,,['k =0']
1271,34,52,,,['k =0']
1272,34,53,,,['k =0']
1273,34,54,,,['k =0']
1274,34,55,,,['k =0']
1275,35,36,,,['k =0']
1276,35,37,,,['k =0']
1277,35,38,,,['k =0']
1278,35,39,,,['k =0']
1279,35,40,,,['k =0']
1280,35,41,,,['k =0']
1281,35,42,,,['k =0']
1282,35,43,,,['k =0']
1283,35,44,,,['k =0']
1284,35,45,,,['k =0']
1285,35,46,,,['k =0']
1286,35,47,,,['k =0']
1287,35,48,,,['k =0']
1288,35,49,,,['k =0']
1289,35,50,,,['k =0']
1290,35,51,,,['k =0']
1291,35,52,,,['k =0']
1292,35,53,,,['k =0']
1293,35,54,,,['k =0']
1294,35,55,,,['k =0']
1295,36,37,,,['k =0']
1296,36,38,,,['k =0']
1297,36,39,,,['k =0']
1298,36,40,,,['k =0']
1299,36,41,,,['k =0']
1300,36,42,,,['k =0']
1301,36,43,,,['k =0']
1302,36,44,,,['k =0']
1303,36,45,,,['k =0']
1304,36,46,,,['k =0']
1305,36,47,,,['k =0']
1306,36,48,,,['k =0']
1307,36,49,,,['k =0']
1308,36,50,,,['k =0']
1309,36,51,,,['k =0']
1310,36,52,,,['k =0']
1311,36,53,,,['k =0']
1312,36,54,,,['k =0']
1313,36,55,,,['k =0']
1314,37,38,,,['k =0']
1315,37,39,,,['k =0']
1316,37,40,,,['k =0']
1317,37,41,,,['k =0']
1318,37,42,,,['k =0']
1319,37,43,,,['k =0']
1320,37,44,,,['k =0']
1321,37,45,,,['k =0']
1322,37,46,,,['k =0']
1323,37,47,,,['k =0']
1324,37,48,,,['k =0']
1325,37,49,,,['k =0']
1326,37,50,,,['k =0']
1327,37,51,,,['k =0']
1328,37,52,,,['k =0']
1329,37,53,,,['k =0']
1330,37,54,,,['k =0']
1331,37,55,,,['k =0']
1332,38,39,,,['k =0']
1333,38,40,,,['k =0']
1334,38,41,,,['k =0']
1335,38,42,,,['k =0']
1336,38,43,,,['k =0']
1337,38,44,,,['k =0']
1338,38,45,,,['k =0']
1339,38,46,,,['k =0']
1340,38,47,,,['k =0']
1341,38,48,,,['k =0']
1342,38,49,,,['k =0']
1343,38,50,,,['k =0']
1344,38,51,,,['k =0']
1345,38,52,,,['k =0']
1346,38,53,,,['k =0']
1347,38,54,,,['k =0']
1348,38,55,,,['k =0']
1349,39,40,,,['k =0']
1350,39,41,,,['k =0']
1351,39,42,,,['k =0']
1352,39,43,,,['k =0']
1353,39,44,,,['k =0']
1354,39,45,,,['k =0']
1355,39,46,,,['k =0']
1356,39,47,,,['k =0']
1357,39,48,,,['k =0']
1358,39,49,,,['k =0']
1359,39,50,,,['k =0']
1360,39,51,,,['k =0']
1361,39,52,,,['k =0']
1362,39,53,,,['k =0']
1363,39,54,,,['k =0']
1364,39,55,,,['k =0']
1365,40,41,,,['k =0']
1366,40,42,,,['k =0']
1367,40,43,,,['k =0']
1368,40,44,,,['k =0']
1369,40,45,,,['k =0']
1370,40,46,,,['k =0']
1371,40,47,,,['k =0']
1372,40,48,,,['k =0']
1373,40,49,,,['k =0']
1374,40,50,,,['k =0']
1375,40,51,,,['k =0']
1376,40,52,,,['k =0']
1377,40,53,,,['k =0']
1378,40,54,,,['k =0']
1379,40,55,,,['k =0']
1380,41,42,,,['k =0']
1381,41,43,,,['k =0']
1382,41,44,,,['k =0']
1383,41,45,,,['k =0']
1384,41,46,,,['k =0']
1385,41,47,,,['k =0']
1386,41,48,,,['k =0']
1387,41,49,,,['k =0']
1388,41,50,,,['k =0']
1389,41,51,,,['k =0']
1390,41,52,,,['k =0']
1391,41,53,,,['k =0']
1392,41,54,,,['k =0']
1393,41,55,,,['k =0']
1394,42,43,,,['k =0']
1395,42,44,,,['k =0']
1396,42,45,,,['k =0']
1397,42,46,,,['k =0']
1398,42,47,,,['k =0']
1399,42,48,,,['k =0']
1400,42,49,,,['k =0']
1401,42,50,,,['k =0']
1402,42,51,,,['k =0']
1403,42,52,,,['k =0']
1404,42,53,,,['k =0']
1405,42,54,,,['k =0']
1406,42,55,,,['k =0']
1407,43,44,,,['k =0']
1408,43,45,,,['k =0']
1409,43,46,,,['k =0']
1410,43,47,,,['k =0']
1411,43,48,,,['k =0']
1412,43,49,,,['k =0']
1413,43,50,,,['k =0']
1414,43,51,,,['k =0']
1415,43,52,,,['k =0']
1416,43,53,,,['k =0']
1417,43,54,,,['k =0']
1418,43,55,,,['k =0']
1419,44,45,,,['k =0']
1420,44,46,,,['k =0']
1421,44,47,,,['k =0']
1422,44,48,,,['k =0']
1423,44,49,,,['k =0']
1424,44,50,,,['k =0']
1425,44,51,,,['k =0']
1426,44,52,,,['k =0']
1427,44,53,,,['k =0']
1428,44,54,,,['k =0']
1429,44,55,,,['k =0']
1430,45,46,,,['k =0']
1431,45,47,,,['k =0']
1432,45,48,,,['k =0']
1433,45,49,,,['k =0']
1434,45,50,,,['k =0']
1435,45,51,,,['k =0']
1436,45,52,,,['k =0']
1437,45,53,,,['k =0']
1438,45,54,,,['k =0']
1439,45,55,,,['k =0']
1440,46,47,,,['k =0']
1441,46,48,,,['k =0']
1442,46,49,,,['k =0']
1443,46,50,,,['k =0']
1444,46,51,,,['k =0']
1445,46,52,,,['k =0']
1446,46,53,,,['k =0']
1447,46,54,,,['k =0']
1448,46,55,,,['k =0']
1449,47,48,,,['k =0']
1450,47,49,,,['k =0']
1451,47,50,,,['k =0']
1452,47,51,,,['k =0']
1453,47,52,,,['k =0']
1454,47,53,,,['k =0']
1455,47,54,,,['k =0']
1456,47,55,,,['k =0']
1457,48,49,,,['k =0']
1458,48,50,,,['k =0']
1459,48,51,,,['k =0']
1460,48,52,,,['k =0']
1461,48,53,,,['k =0']
1462,48,54,,,['k =0']
1463,48,55,,,['k =0']
1464,49,50,,,['k =0']
1465,49,51,,,['k =0']
1466,49,52,,,['k =0']
1467,49,53,,,['k =0']
1468,49,54,,,['k =0']
1469,49,55,,,['k =0']
1470,50,51,,,['k =0']
1471,50,52,,,['k =0']
1472,50,53,,,['k =0']
1473,50,54,,,['k =0']
1474,50,55,,,['k =0']
1475,51,52,,,['k =0']
1476,51,53,,,['k =0']
1477,51,54,,,['k =0']
1478,51,55,,,['k =0']
1479,52,53,,,['k =0']
1480,52,54,,,['k =0']
1481,52,55,,,['k =0']
1482,53,54,,,['k =0']
1483,53,55,,,['k =0']
1484,54,55,,,['k =0']
